name,id,father,num,start_time,repetition_gap,task_expect_length,task_value,fixed,rigid,leaf
数学分析,1656833677.8194325,,0.0,1656863999.0,,,,,,[1656835887.1797037]
线性代数,1656834868.0923867,,0.0,1656950399.0,,,,,,[1656898392.714666]
整理一下课程资料和电脑资料,1656923468.952494,,0.0,,,,,,,[]
多元微积分,1656923740.08246,,0.0,,,,,,,[]
吴恩达机器学习,1659110323.5672357,,,,,,,,,
发邮件给教授，要research,1659110336.8205738,,,,,,,,,
kalman filter,1659110342.5410805,,,,,,,,,
加入截止时间,1659110431.8414595,,,,,,,,,
把计时的功能也加进来（但是就要花很长时间了）,1659110459.030283,,,,,,,,,
测试,1659198277.6552763,,,,,,,,,
