,name,id,father,num,start_time,repetition_gap,task_expect_length,task_value,fixed,rigid,leaf
0,数学分析,1656833677.8194325,,0,1656863999.0,,,,,,[1656835887.1797037]
1,线性代数,1656834868.0923867,,0,,,,,,,[]
2,度量空间,1656835887.1797037,1656833677.8194325,0,,,,,,,[]
