name,id,father,num,start_time,repetition_gap,task_expect_length,task_value,fixed,rigid,leaf
线性代数,1656834868.0923867,,0.0,1656950399.0,,,,,,[1656898392.714666]
发邮件给教授，要research,1659110336.8205738,,,,,,,,,
kalman filter,1659110342.5410805,,,,,,,,,
多元微积分（做题）,1656923740.08246,,0.0,,,,,,,[]
算法,1659775516.088936,,,,,,,,,
时间序列,1659775624.599815,,,,,,,,,
界面的思考,1659775666.148618,,,,,,,,,
代码重新写一下,1659775680.750433,1659775666.148618,,,,,,,,
截止日期加入,1659775710.5742283,1659775666.148618,,,,,,,,
其他的参数的加入,1659775721.6282885,1659775666.148618,,,,,,,,
界面优化,1659775726.8412008,1659775666.148618,,,,,,,,
聚焦的合理化（更新后不会更改聚焦,1659775763.309055,1659775666.148618,,,,,,,,
输入新内容更加快捷（交互模式）,1659775780.939944,1659775666.148618,,,,,,,,
英语单词,1659777399.6905096,,,,,,,,,
每天一页,1659795280.0432174,1659777399.6905096,,,,,,,,
写srs,1659795393.369774,1659777399.6905096,,,,,,,,
supermemo,1659800871.549971,,,,1.0,,,,,
整理一下知乎的收藏清单,1659801261.786504,,,,1.0,,,,,
设置倒计时,1659840447.69055,1659775666.148618,,,1.0,,,,,
随机分析,1659843580.7419229,,,,1.0,,,,,
数学分析,1656833677.8194325,,0.0,1656863940.0,,,,,,[1656835887.1797037]
ODE,1660005920.554825,,,,1.0,,,,,
 java,1660059326.6543517,,,,1.0,,,,,
用pyqt重写一下,1660060597.7563646,1659775666.148618,,,1,,,,,
